author/name,content,engagement/likes,postedAt/date
Dahua Technology Co. LTD,"ğŸŒAppreciate every moment with the global community - Quick Recap of Dahua Pro Challenge Day 1
ğŸŒŸThe event opened by our chairman by recognizing the contributions of global installers and outlining a shared path toward co-creation. With In-depth tech presentations and live demonstations, we will continue to empower partners and achieve long-term growth. ğŸ¤",72,2025-12-03T09:13:26.109Z
Dahua Technology Co. LTD,"Welcome, Dahua Golden Pro!
Your journey begins today! ğŸ‰
From exploring our cutting-edge showroom to engaging in face-to-face sessions with our expert product managers, you're now immersed in the world of Dahua innovation.

This is just the startâ€”get ready to discover, connect, and grow as you unlock new possibilities.Â 
#Dahua #DahuaProChallenge",160,2025-12-02T13:10:27.148Z
Dahua Technology Co. LTD,"ğŸŒŸTouchdown in China on the First DayğŸŒŸ
Our installers have arrived for the 2025 Dahua Pro Challenge and are getting ready for a week filled with connection and insight. ğŸ’ªStay tuned - looking forward to kicking off this weekâ€™s journey together!

#Dahua #DahuaProChallenge",85,2025-12-01T08:49:17.326Z
Dahua Technology Co. LTD,"ğŸ‰ The #DahuaProChallenge competition has essentially concluded, and some Pro Techies have already received our gift boxes ğŸ. Let's take a look together to see what's inside! âœ¨
ğŸŒâœˆï¸ The countdown is on! In just 2ï¸âƒ£ days, our Dahua Golden Pros will embark on an exciting journey to China for an exclusive visit to Dahua Headquarters!

#Dahua #DahuaProChallenge",92,2025-11-30T07:10:29.750Z
Dahua Technology Co. LTD,"- Dahua SMB Solution -
The Dahua EAS Loss Prevention Solution ğŸ›’ for stores and grocery shops provides reliable and accurate shoplifting detection and alerts, quick security guard responses, and seamlessly integration with AI video surveillance to enhances the efficiency of relevant video evidence retrieval, minimizing any losses. 

Click here to find more: https://lnkd.in/gYGW9898",44,2025-11-27T09:52:32.833Z
